,Scenario Name,Tools,Task Graphs
0,How to Drink Baking Soda,"['Take baking soda to improve your digestive system.', 'Use baking soda to lower your body’s overall acidity levels.', 'Treat kidney stones and urinary tract infections with baking soda.', 'Prevent sports-related muscle pain and fatigue with baking soda.', 'Shorten the duration of colds and the flu with short-term use of baking soda.', 'Improve your overall immune health by regularly taking baking soda.']","{'task_graph': {'nodes': [{'id': 1, 'label': 'Take baking soda to improve your digestive system.'}, {'id': 2, 'label': 'Use baking soda to lower your body’s overall acidity levels.'}, {'id': 3, 'label': 'Treat kidney stones and urinary tract infections with baking soda.'}, {'id': 4, 'label': 'Prevent sports-related muscle pain and fatigue with baking soda.'}, {'id': 5, 'label': 'Shorten the duration of colds and the flu with short-term use of baking soda.'}, {'id': 6, 'label': 'Improve your overall immune health by regularly taking baking soda.'}], 'edges': []}}"
1,How to Choose Nail Polish Colour That Suits You,"['Use metallics to convey a wild personality.', 'Go for an edgy look with black polish.', 'Pick bright colours for an energetic look.', 'Choose muted colours for a softer look.', 'Show off sophistication with darker polish.', 'Go for bright red to look bold.']","{'task_graph': {'nodes': [{'id': 1, 'label': 'Use metallics to convey a wild personality.'}, {'id': 2, 'label': 'Go for an edgy look with black polish.'}, {'id': 3, 'label': 'Pick bright colours for an energetic look.'}, {'id': 4, 'label': 'Choose muted colours for a softer look.'}, {'id': 5, 'label': 'Show off sophistication with darker polish.'}, {'id': 6, 'label': 'Go for bright red to look bold.'}], 'edges': []}}"
2,How to Identify Poisonous Mushrooms,"['Distinguish true from false morels by looking at the cap shape and interior.', 'Take a spore print to identify green-spored parasols from shaggy parasols.', ""Check the gills to distinguish chanterelles from Jack o'lanterns."", 'Identify honey mushrooms from deadly Galerina with a spore print.']","{'task_graph': {'nodes': [{'id': 1, 'label': 'Distinguish true from false morels by looking at the cap shape and interior.'}, {'id': 2, 'label': 'Take a spore print to identify green-spored parasols from shaggy parasols.'}, {'id': 3, 'label': ""Check the gills to distinguish chanterelles from Jack o'lanterns.""}, {'id': 4, 'label': 'Identify honey mushrooms from deadly Galerina with a spore print.'}], 'edges': []}}"
3,How to Use Branched Chain Amino Acids (BCAAs),"['Consume dairy.', 'Eat meat.', 'Eat legumes.', 'Eat nuts and seeds.', 'Take a BCAA supplement.']","{'task_graph': {'nodes': [{'id': 1, 'label': 'Consume dairy.'}, {'id': 2, 'label': 'Eat meat.'}, {'id': 3, 'label': 'Eat legumes.'}, {'id': 4, 'label': 'Eat nuts and seeds.'}, {'id': 5, 'label': 'Take a BCAA supplement.'}], 'edges': []}}"
4,How to Soothe Red and Inflamed Gums,"['Soothe sore gums with chamomile tea.', 'Prepare a mouthwash of saltwater.', 'Use peppermint tablets or capsules.', 'Use sage leaves.', 'Make mouthwash from myrrh tinctures.', 'Apply aloe vera on sore gums.', 'Help gums heal with manuka honey.']","{'task_graph': {'nodes': [{'id': 1, 'label': 'Soothe sore gums with chamomile tea.'}, {'id': 2, 'label': 'Prepare a mouthwash of saltwater.'}, {'id': 3, 'label': 'Use peppermint tablets or capsules.'}, {'id': 4, 'label': 'Use sage leaves.'}, {'id': 5, 'label': 'Make mouthwash from myrrh tinctures.'}, {'id': 6, 'label': 'Apply aloe vera on sore gums.'}, {'id': 7, 'label': 'Help gums heal with manuka honey.'}], 'edges': []}}"
5,How to Wear a Fanny Pack,"['Wear your fanny pack around your waist for a classic style.', 'Sling the bag across your chest for a more secure approach.', 'Layer your fanny pack over your clothes to show it off.', 'Wear your fanny pack under a jacket for a chic look.', 'Add a fanny pack to a t-shirt and jeans for a casual style.', 'Put a fanny pack over a winter jacket for a sophisticated look.', 'Try a fanny pack on top of a dress.']","{'task_graph': {'nodes': [{'id': 1, 'label': 'Wear your fanny pack around your waist for a classic style.'}, {'id': 2, 'label': 'Sling the bag across your chest for a more secure approach.'}, {'id': 3, 'label': 'Layer your fanny pack over your clothes to show it off.'}, {'id': 4, 'label': 'Wear your fanny pack under a jacket for a chic look.'}, {'id': 5, 'label': 'Add a fanny pack to a t-shirt and jeans for a casual style.'}, {'id': 6, 'label': 'Put a fanny pack over a winter jacket for a sophisticated look.'}, {'id': 7, 'label': 'Try a fanny pack on top of a dress.'}], 'edges': []}}"
6,How to Make a Monster Creator Food Table,"['Place the bones in a separate bowl.', 'Do the same with cheesy fingers.', 'Place other items on platter.', 'Put the ""guts"" in a punch bowl.']","{'task_graph': {'nodes': [{'id': 1, 'label': 'Place the bones in a separate bowl.'}, {'id': 2, 'label': 'Do the same with cheesy fingers.'}, {'id': 3, 'label': 'Place other items on platter.'}, {'id': 4, 'label': 'Put the ""guts"" in a punch bowl.'}], 'edges': []}}"
7,How to Make Horseradish Sauce,"['Spread horseradish sauce over prime rib, roast beef, and steaks.', 'Add horseradish sauce to your next sandwich for a flavorful punch.', 'Mix horseradish sauce with applesauce for a sweet and spicy variation.', 'Serve horseradish sauce along with potatoes for a delicious side dish.', 'Pair horseradish sauce with a crusted fish recipe.']","{'task_graph': {'nodes': [{'id': 1, 'label': 'Spread horseradish sauce over prime rib, roast beef, and steaks.'}, {'id': 2, 'label': 'Add horseradish sauce to your next sandwich for a flavorful punch.'}, {'id': 3, 'label': 'Mix horseradish sauce with applesauce for a sweet and spicy variation.'}, {'id': 4, 'label': 'Serve horseradish sauce along with potatoes for a delicious side dish.'}, {'id': 5, 'label': 'Pair horseradish sauce with a crusted fish recipe.'}], 'edges': []}}"
8,How to Write a Letter of Appreciation to Your Teacher,"['List 3-5 ways your teacher helped you over the school year.', 'Think of a memorable moment from their class.', 'Identify the 3-5 most important things they taught you.', 'List the qualities you love most about your teacher.']","{'task_graph': {'nodes': [{'id': 1, 'label': 'List 3-5 ways your teacher helped you over the school year.'}, {'id': 2, 'label': 'Think of a memorable moment from their class.'}, {'id': 3, 'label': 'Identify the 3-5 most important things they taught you.'}, {'id': 4, 'label': 'List the qualities you love most about your teacher.'}], 'edges': []}}"
9,How to Ignore Hunger,"['Eat breakfast every morning.', 'Eat plenty of lean protein.', 'Eat healthy fats.']","{'task_graph': {'nodes': [{'id': 1, 'label': 'Eat breakfast every morning.'}, {'id': 2, 'label': 'Eat plenty of lean protein.'}, {'id': 3, 'label': 'Eat healthy fats.'}], 'edges': []}}"
10,How to Add Nitrogen to Compost,"['Add fresh grass clippings to the compost.', 'Add leafy plant clippings to the compost.', 'Add chicken droppings.', 'Add aged manure to increase the nitrogen in your compost.', 'Incorporate blood or bone meal into your compost.', 'Pour corn-gluten meal into the compost.']","{'task_graph': {'nodes': [{'id': 1, 'label': 'Add fresh grass clippings to the compost.'}, {'id': 2, 'label': 'Add leafy plant clippings to the compost.'}, {'id': 3, 'label': 'Add chicken droppings.'}, {'id': 4, 'label': 'Add aged manure to increase the nitrogen in your compost.'}, {'id': 5, 'label': 'Incorporate blood or bone meal into your compost.'}, {'id': 6, 'label': 'Pour corn-gluten meal into the compost.'}], 'edges': []}}"
11,How to Make a Smoothie Without Milk or Ice,"['Make a soy milk banana-blueberry smoothie.', 'Make a soy milk breakfast smoothie.', 'Make an almond milk summer smoothie.', 'Make a nut milk banana-bread smoothie.', 'Make a coconut milk strawberry-banana smoothie.', 'Make a juice-based strawberry-kiwi smoothie.']","{'task_graph': {'nodes': [{'id': 1, 'label': 'Make a soy milk banana-blueberry smoothie.'}, {'id': 2, 'label': 'Make a soy milk breakfast smoothie.'}, {'id': 3, 'label': 'Make an almond milk summer smoothie.'}, {'id': 4, 'label': 'Make a nut milk banana-bread smoothie.'}, {'id': 5, 'label': 'Make a coconut milk strawberry-banana smoothie.'}, {'id': 6, 'label': 'Make a juice-based strawberry-kiwi smoothie.'}], 'edges': []}}"
12,How to Travel to Russia,"['Visit both Moscow and St Petersburg for must-see experiences.', 'Go where Russians like to travel in Sochi and Lake Baikal.', 'Check out Vladivostok in Russia’s Far East.', 'Head off the beaten path to other great destinations.']","{'task_graph': {'nodes': [{'id': 1, 'label': 'Visit both Moscow and St Petersburg for must-see experiences.'}, {'id': 2, 'label': 'Go where Russians like to travel in Sochi and Lake Baikal.'}, {'id': 3, 'label': 'Check out Vladivostok in Russia’s Far East.'}, {'id': 4, 'label': 'Head off the beaten path to other great destinations.'}], 'edges': []}}"
13,How to Prevent a Campylobacter Infection,"['Look for diarrhea.', 'Watch for cramping.', 'Note any nausea.', 'Check for a fever.']","{'task_graph': {'nodes': [{'id': 1, 'label': 'Look for diarrhea.'}, {'id': 2, 'label': 'Watch for cramping.'}, {'id': 3, 'label': 'Note any nausea.'}, {'id': 4, 'label': 'Check for a fever.'}], 'edges': []}}"
14,How to Pass All Your GCSEs,"['Study English Language and Literature.', 'Study math.', 'Study the sciences.', 'Study religion, geography, and other information specific subjects.', 'Study history.', 'Study music.', 'Study creative subjects like art or design and technology.']","{'task_graph': {'nodes': [{'id': 1, 'label': 'Study English Language and Literature.'}, {'id': 2, 'label': 'Study math.'}, {'id': 3, 'label': 'Study the sciences.'}, {'id': 4, 'label': 'Study religion, geography, and other information specific subjects.'}, {'id': 5, 'label': 'Study history.'}, {'id': 6, 'label': 'Study music.'}, {'id': 7, 'label': 'Study creative subjects like art or design and technology.'}], 'edges': []}}"
15,How to Practice Color Theory,"['Associate different blues with a feeling of security.', 'Connect green hues with a sense of luck and harmony.', 'Generate positive, fun vibes with the color yellow.', 'Embrace originality and optimism with orange tones.', 'Demonstrate passion and excitement with the color red.', 'Associate calmness and intuition with pink.', 'Create an aura of fantasy and mystery with purple hues.']","{'task_graph': {'nodes': [{'id': 1, 'label': 'Associate different blues with a feeling of security.'}, {'id': 2, 'label': 'Connect green hues with a sense of luck and harmony.'}, {'id': 3, 'label': 'Generate positive, fun vibes with the color yellow.'}, {'id': 4, 'label': 'Embrace originality and optimism with orange tones.'}, {'id': 5, 'label': 'Demonstrate passion and excitement with the color red.'}, {'id': 6, 'label': 'Associate calmness and intuition with pink.'}, {'id': 7, 'label': 'Create an aura of fantasy and mystery with purple hues.'}], 'edges': []}}"
16,How to Use Alcohol to Treat a Cold,"['Make a hot toddy.', 'Mix a honey-ginger-lemon tonic and add some whiskey.', 'Make a cough syrup out of bourbon.', 'Try a gaelic punch.']","{'task_graph': {'nodes': [{'id': 1, 'label': 'Make a hot toddy.'}, {'id': 2, 'label': 'Mix a honey-ginger-lemon tonic and add some whiskey.'}, {'id': 3, 'label': 'Make a cough syrup out of bourbon.'}, {'id': 4, 'label': 'Try a gaelic punch.'}], 'edges': []}}"
17,How to Memorise the Locations of Countries on a World Map,"['Download geography apps.', 'Visit educational websites.', 'Decorate with wall maps.', 'Print out maps to color and study.', 'Work on a world map jigsaw puzzle.']","{'task_graph': {'nodes': [{'id': 1, 'label': 'Download geography apps.'}, {'id': 2, 'label': 'Visit educational websites.'}, {'id': 3, 'label': 'Decorate with wall maps.'}, {'id': 4, 'label': 'Print out maps to color and study.'}, {'id': 5, 'label': 'Work on a world map jigsaw puzzle.'}], 'edges': []}}"
18,How to Treat Boils at Home,"[""Reduce the boil's inflammation with witch hazel."", 'Kill the bacteria in the boil with tea tree oil.', ""Use arnica to reduce the boil's inflammation and swelling.""]","{'task_graph': {'nodes': [{'id': 1, 'label': ""Reduce the boil's inflammation with witch hazel.""}, {'id': 2, 'label': 'Kill the bacteria in the boil with tea tree oil.'}, {'id': 3, 'label': ""Use arnica to reduce the boil's inflammation and swelling.""}], 'edges': []}}"
19,How to Use Soy Sauce,"['Cover your rice-based dishes in soy sauce to top off your dish.', 'Douse noodle-based dishes in soy sauce.', 'Dip egg or spring rolls into soy sauce for added flavor.', 'Put soy sauce in salads to add richness and complexity to the dish.', 'Mix in soy sauce to create a flavorful barbeque sauce.']","{'task_graph': {'nodes': [{'id': 1, 'label': 'Cover your rice-based dishes in soy sauce to top off your dish.'}, {'id': 2, 'label': 'Douse noodle-based dishes in soy sauce.'}, {'id': 3, 'label': 'Dip egg or spring rolls into soy sauce for added flavor.'}, {'id': 4, 'label': 'Put soy sauce in salads to add richness and complexity to the dish.'}, {'id': 5, 'label': 'Mix in soy sauce to create a flavorful barbeque sauce.'}], 'edges': []}}"
20,How to Treat Your Depression With Magnesium,"['Try St John’s wort to help improve your depression.', 'Take fish oil to boost your omega-3 levels.', 'Increase your vitamin C to help reduce fatigue.', 'Try 5-Hydroxytryptophan (5-HTP) to help increase your serotonin levels.']","{'task_graph': {'nodes': [{'id': 1, 'label': 'Try St John’s wort to help improve your depression.'}, {'id': 2, 'label': 'Take fish oil to boost your omega-3 levels.'}, {'id': 3, 'label': 'Increase your vitamin C to help reduce fatigue.'}, {'id': 4, 'label': 'Try 5-Hydroxytryptophan (5-HTP) to help increase your serotonin levels.'}], 'edges': []}}"
21,How to Flush Salt Out of Your Body,"['Drink plenty of water.', 'Get fluids from other sources.', 'Minimize sports drinks.']","{'task_graph': {'nodes': [{'id': 1, 'label': 'Drink plenty of water.'}, {'id': 2, 'label': 'Get fluids from other sources.'}, {'id': 3, 'label': 'Minimize sports drinks.'}], 'edges': []}}"
22,How to Clean a Fiberglass Shower Floor,"['Treat tough soap scum with baking soda.', 'Use vinegar to remove stubborn grime.', 'Remove tough stains with hydrogen peroxide.', 'Try removing mildew stains with bleach.', 'Use oxalic acid for tough stains.']","{'task_graph': {'nodes': [{'id': 1, 'label': 'Treat tough soap scum with baking soda.'}, {'id': 2, 'label': 'Use vinegar to remove stubborn grime.'}, {'id': 3, 'label': 'Remove tough stains with hydrogen peroxide.'}, {'id': 4, 'label': 'Try removing mildew stains with bleach.'}, {'id': 5, 'label': 'Use oxalic acid for tough stains.'}], 'edges': []}}"
23,How to Get Inspired to Write,"['Try word association to get the ideas flowing.', 'Freewrite to generate ideas.', 'Listen to music to think of new ideas.', 'Use writing prompts to get you started.', 'Write about your hobbies and interests.', 'Reflect on a past memory or event for ideas.', 'Write from various perspectives, like animals and inanimate objects.']","{'task_graph': {'nodes': [{'id': 1, 'label': 'Try word association to get the ideas flowing.'}, {'id': 2, 'label': 'Freewrite to generate ideas.'}, {'id': 3, 'label': 'Listen to music to think of new ideas.'}, {'id': 4, 'label': 'Use writing prompts to get you started.'}, {'id': 5, 'label': 'Write about your hobbies and interests.'}, {'id': 6, 'label': 'Reflect on a past memory or event for ideas.'}, {'id': 7, 'label': 'Write from various perspectives, like animals and inanimate objects.'}], 'edges': []}}"
24,How to Watch for Common Senior Cat Health Issues,"['Look for signs of arthritis.', 'Observe your cat’s eating habits and check its teeth.', 'Check your cat’s eyes regularly.', 'Watch for signs of hyperthyroidism.', 'Look for signs of kidney disease.']","{'task_graph': {'nodes': [{'id': 1, 'label': 'Look for signs of arthritis.'}, {'id': 2, 'label': 'Observe your cat’s eating habits and check its teeth.'}, {'id': 3, 'label': 'Check your cat’s eyes regularly.'}, {'id': 4, 'label': 'Watch for signs of hyperthyroidism.'}, {'id': 5, 'label': 'Look for signs of kidney disease.'}], 'edges': []}}"
25,How to Serve Caviar,"['Serve caviar on blinis for a traditional dish.', 'Eat the caviar on toast points for a versatile base.', 'Present the caviar with plain bread to make a more filling dish.', 'Serve the caviar with crackers or crispbread for easy appetizers.', 'Serve the caviar with champagne for a luxurious pairing.', 'Have caviar with vodka for a traditional combination.']","{'task_graph': {'nodes': [{'id': 1, 'label': 'Serve caviar on blinis for a traditional dish.'}, {'id': 2, 'label': 'Eat the caviar on toast points for a versatile base.'}, {'id': 3, 'label': 'Present the caviar with plain bread to make a more filling dish.'}, {'id': 4, 'label': 'Serve the caviar with crackers or crispbread for easy appetizers.'}, {'id': 5, 'label': 'Serve the caviar with champagne for a luxurious pairing.'}, {'id': 6, 'label': 'Have caviar with vodka for a traditional combination.'}], 'edges': []}}"
26,How to Spot Signs of Nutritional Deficiency in Cats,"['Search for missing patches of fur.', 'Look at your cat’s skin.', 'Check your cat’s claws.', 'Watch your cat’s grooming habits.', 'Weigh your cat.', 'Check your cat’s gums.']","{'task_graph': {'nodes': [{'id': 1, 'label': 'Search for missing patches of fur.'}, {'id': 2, 'label': 'Look at your cat’s skin.'}, {'id': 3, 'label': 'Check your cat’s claws.'}, {'id': 4, 'label': 'Watch your cat’s grooming habits.'}, {'id': 5, 'label': 'Weigh your cat.'}, {'id': 6, 'label': 'Check your cat’s gums.'}], 'edges': []}}"
27,How to Use a Diary,"['Write down major life events in your diary.', 'Write down things about ordinary days.', 'Collect photos and keepsakes for your diary.', 'Write down your dreams in your diary.']","{'task_graph': {'nodes': [{'id': 1, 'label': 'Write down major life events in your diary.'}, {'id': 2, 'label': 'Write down things about ordinary days.'}, {'id': 3, 'label': 'Collect photos and keepsakes for your diary.'}, {'id': 4, 'label': 'Write down your dreams in your diary.'}], 'edges': []}}"
28,How to Manage Your Time in College,"['Start a study group.', 'Find a writing partner.', 'Set limits with your friends and roommates.']","{'task_graph': {'nodes': [{'id': 1, 'label': 'Start a study group.'}, {'id': 2, 'label': 'Find a writing partner.'}, {'id': 3, 'label': 'Set limits with your friends and roommates.'}], 'edges': []}}"
29,How to Treat Bacterial Vaginosis Naturally,"['Insert yogurt into your vagina to boost your level of good bacteria.', 'Wash your vaginal area with apple cider vinegar to kill bacteria.', 'Spray diluted tea tree oil onto your vaginal area to fight bacteria.', 'Cleanse with diluted hydrogen peroxide to kill bacteria.']","{'task_graph': {'nodes': [{'id': 1, 'label': 'Insert yogurt into your vagina to boost your level of good bacteria.'}, {'id': 2, 'label': 'Wash your vaginal area with apple cider vinegar to kill bacteria.'}, {'id': 3, 'label': 'Spray diluted tea tree oil onto your vaginal area to fight bacteria.'}, {'id': 4, 'label': 'Cleanse with diluted hydrogen peroxide to kill bacteria.'}], 'edges': []}}"
30,How to Make Homemade Plant Fertilizer,"['Use coffee grounds as a fertilizer.', 'Try using a seaweed fertilizer.', 'Make a banana fertilizer for your roses.', 'Make a good tomato feed.']","{'task_graph': {'nodes': [{'id': 1, 'label': 'Use coffee grounds as a fertilizer.'}, {'id': 2, 'label': 'Try using a seaweed fertilizer.'}, {'id': 3, 'label': 'Make a banana fertilizer for your roses.'}, {'id': 4, 'label': 'Make a good tomato feed.'}], 'edges': []}}"
31,How to Get over the Flu,"['Take a pain medication such as acetaminophen.', 'Use nasal sprays.', 'Try an antihistamine.', 'Use a cough syrup.', 'Try a multi-symptom medication.']","{'task_graph': {'nodes': [{'id': 1, 'label': 'Take a pain medication such as acetaminophen.'}, {'id': 2, 'label': 'Use nasal sprays.'}, {'id': 3, 'label': 'Try an antihistamine.'}, {'id': 4, 'label': 'Use a cough syrup.'}, {'id': 5, 'label': 'Try a multi-symptom medication.'}], 'edges': []}}"
32,How to Put a Bird On It,"['Put a bird on a teapot.', 'Put a bird on a tote bag.', 'Put a bird on a card.', 'Put a bird on toast.', 'Sew a bird right onto a pillow.', 'Paint a bird on a bird.']","{'task_graph': {'nodes': [{'id': 1, 'label': 'Put a bird on a teapot.'}, {'id': 2, 'label': 'Put a bird on a tote bag.'}, {'id': 3, 'label': 'Put a bird on a card.'}, {'id': 4, 'label': 'Put a bird on toast.'}, {'id': 5, 'label': 'Sew a bird right onto a pillow.'}, {'id': 6, 'label': 'Paint a bird on a bird.'}], 'edges': []}}"
33,"How to Get Big, Masculine Legs","['Try squats.', 'Include lunges.', 'Do deadlifts.', 'Include calf raises in your workout.', 'Strengthen your stabilizer muscles using exercise bands.', 'Do Swiss ball squeezes to work the inner thighs.', 'Use isolation movements to add tone.']","{'task_graph': {'nodes': [{'id': 1, 'label': 'Try squats.'}, {'id': 2, 'label': 'Include lunges.'}, {'id': 3, 'label': 'Do deadlifts.'}, {'id': 4, 'label': 'Include calf raises in your workout.'}, {'id': 5, 'label': 'Strengthen your stabilizer muscles using exercise bands.'}, {'id': 6, 'label': 'Do Swiss ball squeezes to work the inner thighs.'}, {'id': 7, 'label': 'Use isolation movements to add tone.'}], 'edges': []}}"
34,How to Stitch Plastic Canvas,"['Execute backstitches.', 'Create a continental stitch.', 'Generate a reverse continental stitch.', 'Produce a cross stitch.', 'Generate a long stitch.', 'Execute a running stitch.', 'Create a scotch stitch.']","{'task_graph': {'nodes': [{'id': 1, 'label': 'Execute backstitches.'}, {'id': 2, 'label': 'Create a continental stitch.'}, {'id': 3, 'label': 'Generate a reverse continental stitch.'}, {'id': 4, 'label': 'Produce a cross stitch.'}, {'id': 5, 'label': 'Generate a long stitch.'}, {'id': 6, 'label': 'Execute a running stitch.'}, {'id': 7, 'label': 'Create a scotch stitch.'}], 'edges': []}}"
35,How to Market a Kindle Book,"['Refrain from criticising your reviewers.', 'Remain above the trolls.', 'Check for free promotions and resources.']","{'task_graph': {'nodes': [{'id': 1, 'label': 'Refrain from criticising your reviewers.'}, {'id': 2, 'label': 'Remain above the trolls.'}, {'id': 3, 'label': 'Check for free promotions and resources.'}], 'edges': []}}"
36,How to Identify a Javanese Cat,"['Note friendliness with people.', 'See how easy it is to train.', 'Listen for a distinctive voice.', 'Watch for jumping.', 'Expect some mischief.']","{'task_graph': {'nodes': [{'id': 1, 'label': 'Note friendliness with people.'}, {'id': 2, 'label': 'See how easy it is to train.'}, {'id': 3, 'label': 'Listen for a distinctive voice.'}, {'id': 4, 'label': 'Watch for jumping.'}, {'id': 5, 'label': 'Expect some mischief.'}], 'edges': []}}"
37,How to Spot Eating Disorders in Men,"['Identify unhealthy eating patterns.', 'Look for significant weight loss.', 'Listen for a preoccupation with being thin.', 'Note a preoccupation with body image.', 'Watch for excessive exercising.', 'Identify the use of illegal or prescription drugs.']","{'task_graph': {'nodes': [{'id': 1, 'label': 'Identify unhealthy eating patterns.'}, {'id': 2, 'label': 'Look for significant weight loss.'}, {'id': 3, 'label': 'Listen for a preoccupation with being thin.'}, {'id': 4, 'label': 'Note a preoccupation with body image.'}, {'id': 5, 'label': 'Watch for excessive exercising.'}, {'id': 6, 'label': 'Identify the use of illegal or prescription drugs.'}], 'edges': []}}"
38,How to Wear Oxford Shoes,"['Pair the Oxfords with jeans and a T-shirt or sweater.', 'Wear sweatpants for an ultra casual style.', 'Choose denim shorts and a leather jacket for an edgy look.', 'Put on a shirtdress for a comfortable and cute style.', 'Wear a floral print calf-length dress for a retro look.']","{'task_graph': {'nodes': [{'id': 1, 'label': 'Pair the Oxfords with jeans and a T-shirt or sweater.'}, {'id': 2, 'label': 'Wear sweatpants for an ultra casual style.'}, {'id': 3, 'label': 'Choose denim shorts and a leather jacket for an edgy look.'}, {'id': 4, 'label': 'Put on a shirtdress for a comfortable and cute style.'}, {'id': 5, 'label': 'Wear a floral print calf-length dress for a retro look.'}], 'edges': []}}"
39,How to Use Pronouns,"['Ask questions with interrogative pronouns.', 'Refer to nouns with demonstrative pronouns.', 'Define nouns with relative pronouns.', 'Emphasize with intensive pronouns.', 'Show that the subject is also receiving the action with reflexive pronouns.', 'Indicate a general or non-specific object with indefinite pronouns.']","{'task_graph': {'nodes': [{'id': 1, 'label': 'Ask questions with interrogative pronouns.'}, {'id': 2, 'label': 'Refer to nouns with demonstrative pronouns.'}, {'id': 3, 'label': 'Define nouns with relative pronouns.'}, {'id': 4, 'label': 'Emphasize with intensive pronouns.'}, {'id': 5, 'label': 'Show that the subject is also receiving the action with reflexive pronouns.'}, {'id': 6, 'label': 'Indicate a general or non-specific object with indefinite pronouns.'}], 'edges': []}}"
40,How to Cope with Being Dumped for Someone Else,"['Exercise at least three times per week.', 'Meditate to clear your mind.', 'Eat healthy meals.', 'Get eight hours of sleep a night.']","{'task_graph': {'nodes': [{'id': 1, 'label': 'Exercise at least three times per week.'}, {'id': 2, 'label': 'Meditate to clear your mind.'}, {'id': 3, 'label': 'Eat healthy meals.'}, {'id': 4, 'label': 'Get eight hours of sleep a night.'}], 'edges': []}}"
41,How to Find Your Car in a Crowded Parking Lot,"['Take a photo or video of where you parked.', ""Use an app to pin and record your car's location."", 'Write down notes reminding you of where you parked.', ""Tell yourself where you've parked out loud.""]","{'task_graph': {'nodes': [{'id': 1, 'label': 'Take a photo or video of where you parked.'}, {'id': 2, 'label': ""Use an app to pin and record your car's location.""}, {'id': 3, 'label': 'Write down notes reminding you of where you parked.'}, {'id': 4, 'label': ""Tell yourself where you've parked out loud.""}], 'edges': []}}"
42,How to Know Which Fish to Put Together in a Tank,"['Look out for signs of fish stress.', 'Pay particular attention during fish spawning periods.', 'Recognize the unique challenges presented by “bully” species.']","{'task_graph': {'nodes': [{'id': 1, 'label': 'Look out for signs of fish stress.'}, {'id': 2, 'label': 'Pay particular attention during fish spawning periods.'}, {'id': 3, 'label': 'Recognize the unique challenges presented by “bully” species.'}], 'edges': []}}"
43,How to Play with a Chihuahua,"['Play hide and seek.', 'Teach your chihuahua to help clean up.', 'Have a tug-o-war with your chihuahua.', 'Get your chihuahua to play fetch.']","{'task_graph': {'nodes': [{'id': 1, 'label': 'Play hide and seek.'}, {'id': 2, 'label': 'Teach your chihuahua to help clean up.'}, {'id': 3, 'label': 'Have a tug-o-war with your chihuahua.'}, {'id': 4, 'label': 'Get your chihuahua to play fetch.'}], 'edges': []}}"
44,How to Choose the Right Cold Medicine,"['Choose a decongestant for a stuffy nose.', 'Use an antihistamine for allergies.', 'Use an expectorant for wet coughs.', 'Choose a pain reliever for fever and aches.', 'Try a cough suppressant for dry coughs.', 'Consider a combination medicine.']","{'task_graph': {'nodes': [{'id': 1, 'label': 'Choose a decongestant for a stuffy nose.'}, {'id': 2, 'label': 'Use an antihistamine for allergies.'}, {'id': 3, 'label': 'Use an expectorant for wet coughs.'}, {'id': 4, 'label': 'Choose a pain reliever for fever and aches.'}, {'id': 5, 'label': 'Try a cough suppressant for dry coughs.'}, {'id': 6, 'label': 'Consider a combination medicine.'}], 'edges': []}}"
45,How to Reduce Uric Acid Levels,"['Go for lean meats instead of fatty, purine-rich cuts.', 'Consume seafood in moderation.', 'Eat more complex carbs, such as fruits, veggies, and whole grains.', 'Limit your sugar intake.', 'Include low-fat dairy products in your diet.']","{'task_graph': {'nodes': [{'id': 1, 'label': 'Go for lean meats instead of fatty, purine-rich cuts.'}, {'id': 2, 'label': 'Consume seafood in moderation.'}, {'id': 3, 'label': 'Eat more complex carbs, such as fruits, veggies, and whole grains.'}, {'id': 4, 'label': 'Limit your sugar intake.'}, {'id': 5, 'label': 'Include low-fat dairy products in your diet.'}], 'edges': []}}"
46,How to Prevent a Car Fire,"['Watch for rapid changes in fuel or fluid levels.', 'Look for signs of an overheating engine.', 'Notice blown fuses.', 'Watch for cracked or loose wiring.', 'Listen for loud sounds in your exhaust.', 'Replace a missing oil or fuel cap.', 'Check for broken or missing hoses.']","{'task_graph': {'nodes': [{'id': 1, 'label': 'Watch for rapid changes in fuel or fluid levels.'}, {'id': 2, 'label': 'Look for signs of an overheating engine.'}, {'id': 3, 'label': 'Notice blown fuses.'}, {'id': 4, 'label': 'Watch for cracked or loose wiring.'}, {'id': 5, 'label': 'Listen for loud sounds in your exhaust.'}, {'id': 6, 'label': 'Replace a missing oil or fuel cap.'}, {'id': 7, 'label': 'Check for broken or missing hoses.'}], 'edges': []}}"
47,How to Add Cardio to Your Workout,"['Take a spinning class.', 'Enroll in a step class.', 'Sign up for a boot camp.', 'Take a water aerobics or water jogging class.', 'Try Zumba.']","{'task_graph': {'nodes': [{'id': 1, 'label': 'Take a spinning class.'}, {'id': 2, 'label': 'Enroll in a step class.'}, {'id': 3, 'label': 'Sign up for a boot camp.'}, {'id': 4, 'label': 'Take a water aerobics or water jogging class.'}, {'id': 5, 'label': 'Try Zumba.'}], 'edges': []}}"
48,How to Live Off Interest,"['Sign up for a high yield online savings account to earn 1% interest.', 'Get a credit card that offers cash-back on your purchases.', 'Buy U.S. treasury bonds to earn interest bi-annually.']","{'task_graph': {'nodes': [{'id': 1, 'label': 'Sign up for a high yield online savings account to earn 1% interest.'}, {'id': 2, 'label': 'Get a credit card that offers cash-back on your purchases.'}, {'id': 3, 'label': 'Buy U.S. treasury bonds to earn interest bi-annually.'}], 'edges': []}}"
49,How to Take Care of Your Skin With Natural Methods,"['Apply tea tree oil to blemishes to reduce inflammation.', 'Use onion extract gel once a day to minimize scars.', 'Reduce wrinkles with a vitamin C serum.', 'Minimize excess oil with a witch hazel lotion or toner.', 'Treat dry or itchy skin with an oatmeal bath.']","{'task_graph': {'nodes': [{'id': 1, 'label': 'Apply tea tree oil to blemishes to reduce inflammation.'}, {'id': 2, 'label': 'Use onion extract gel once a day to minimize scars.'}, {'id': 3, 'label': 'Reduce wrinkles with a vitamin C serum.'}, {'id': 4, 'label': 'Minimize excess oil with a witch hazel lotion or toner.'}, {'id': 5, 'label': 'Treat dry or itchy skin with an oatmeal bath.'}], 'edges': []}}"
50,How to Eat Broccoli,"['Cook with broccoli to enhance the flavor and add nutrients to other dishes.', 'Roast broccoli in the oven for a crispy broccoli recipe.', 'Steam broccoli in a steamer basket or in a microwave.', 'Cook broccoli in a pan for a quick and easy cooking method.', 'Add broccoli to pasta for more texture and taste.', 'Use broccoli in stir fry recipes as the main vegetable.', 'Make a creamy broccoli soup for a comforting vegetable soup.']","{'task_graph': {'nodes': [{'id': 1, 'label': 'Cook with broccoli to enhance the flavor and add nutrients to other dishes.'}, {'id': 2, 'label': 'Roast broccoli in the oven for a crispy broccoli recipe.'}, {'id': 3, 'label': 'Steam broccoli in a steamer basket or in a microwave.'}, {'id': 4, 'label': 'Cook broccoli in a pan for a quick and easy cooking method.'}, {'id': 5, 'label': 'Add broccoli to pasta for more texture and taste.'}, {'id': 6, 'label': 'Use broccoli in stir fry recipes as the main vegetable.'}, {'id': 7, 'label': 'Make a creamy broccoli soup for a comforting vegetable soup.'}], 'edges': []}}"
51,How to Keep Relationships Healthy Within Your Family,"['Exchange daily stories.', 'Eat together.', 'Have a weekly family night.', 'Encourage organized activities.', 'Develop rituals.', 'Laugh together.', 'Read to one another.']","{'task_graph': {'nodes': [{'id': 1, 'label': 'Exchange daily stories.'}, {'id': 2, 'label': 'Eat together.'}, {'id': 3, 'label': 'Have a weekly family night.'}, {'id': 4, 'label': 'Encourage organized activities.'}, {'id': 5, 'label': 'Develop rituals.'}, {'id': 6, 'label': 'Laugh together.'}, {'id': 7, 'label': 'Read to one another.'}], 'edges': []}}"
52,How to Diagnose Sensory Processing Disorder,"['Notice sensitivity to light and vision.', 'Recognize over-sensitivity to sound.', 'Observe sensitivity to oral input.', 'Notice sensitivity to smell.', 'Look for sensitivity to touch.', 'Notice over-sensitivity to movement (vestibular input).']","{'task_graph': {'nodes': [{'id': 1, 'label': 'Notice sensitivity to light and vision.'}, {'id': 2, 'label': 'Recognize over-sensitivity to sound.'}, {'id': 3, 'label': 'Observe sensitivity to oral input.'}, {'id': 4, 'label': 'Notice sensitivity to smell.'}, {'id': 5, 'label': 'Look for sensitivity to touch.'}, {'id': 6, 'label': 'Notice over-sensitivity to movement (vestibular input).'}], 'edges': []}}"
53,How to Tell the Difference Between Eczema and Psoriasis,"['Monitor for red-brown patches.', 'Check for dry skin.', 'Identify where eczema occurs.']","{'task_graph': {'nodes': [{'id': 1, 'label': 'Monitor for red-brown patches.'}, {'id': 2, 'label': 'Check for dry skin.'}, {'id': 3, 'label': 'Identify where eczema occurs.'}], 'edges': []}}"
54,How to Get Organized and Concentrate on Your Work,"['Set a designated time for emails and voicemails.', 'Schedule blocks of work time.', 'Take regular breaks.']","{'task_graph': {'nodes': [{'id': 1, 'label': 'Set a designated time for emails and voicemails.'}, {'id': 2, 'label': 'Schedule blocks of work time.'}, {'id': 3, 'label': 'Take regular breaks.'}], 'edges': []}}"
55,How to Read Topographic Maps,"['Notice the color brown for land.', 'Check for the color green to find vegetation.', 'Look for the color blue to locate water features like lakes and rivers.', 'Find trails by looking for black lines.', 'Locate roads by looking for red lines.']","{'task_graph': {'nodes': [{'id': 1, 'label': 'Notice the color brown for land.'}, {'id': 2, 'label': 'Check for the color green to find vegetation.'}, {'id': 3, 'label': 'Look for the color blue to locate water features like lakes and rivers.'}, {'id': 4, 'label': 'Find trails by looking for black lines.'}, {'id': 5, 'label': 'Locate roads by looking for red lines.'}], 'edges': []}}"
56,How to Drink Vodka,"['Try a Screwdriver.', 'Drink a Cosmopolitan.', 'Sip a Bloody Mary.', 'Have Sex on the Beach.', 'Enjoy a nice Sea Breeze.', 'Indulge in a Vodka Martini.']","{'task_graph': {'nodes': [{'id': 1, 'label': 'Try a Screwdriver.'}, {'id': 2, 'label': 'Drink a Cosmopolitan.'}, {'id': 3, 'label': 'Sip a Bloody Mary.'}, {'id': 4, 'label': 'Have Sex on the Beach.'}, {'id': 5, 'label': 'Enjoy a nice Sea Breeze.'}, {'id': 6, 'label': 'Indulge in a Vodka Martini.'}], 'edges': []}}"
57,How to Make Gluten‐Free Snacks for Kids,"['Try sliced fruit shish-kabobs.', 'Include dried fruit.', 'Present colorful veggie trays.', 'Make celery sticks fun.', 'Beat the heat with frozen grapes.', 'Make homemade applesauce.']","{'task_graph': {'nodes': [{'id': 1, 'label': 'Try sliced fruit shish-kabobs.'}, {'id': 2, 'label': 'Include dried fruit.'}, {'id': 3, 'label': 'Present colorful veggie trays.'}, {'id': 4, 'label': 'Make celery sticks fun.'}, {'id': 5, 'label': 'Beat the heat with frozen grapes.'}, {'id': 6, 'label': 'Make homemade applesauce.'}], 'edges': []}}"
58,How to Use Powdered Peanut Butter,"['Add powdered peanut butter to smoothies or shakes.', 'Mix powdered peanut butter into yogurt.', 'Stir the powder into oats or granola.', 'Add it to pancake or waffle mix.']","{'task_graph': {'nodes': [{'id': 1, 'label': 'Add powdered peanut butter to smoothies or shakes.'}, {'id': 2, 'label': 'Mix powdered peanut butter into yogurt.'}, {'id': 3, 'label': 'Stir the powder into oats or granola.'}, {'id': 4, 'label': 'Add it to pancake or waffle mix.'}], 'edges': []}}"
59,How to Cook with Cassava Flour,"['Use cassava flour to make gluten-free cupcakes.', 'Create tortillas with cassava flour.', 'Bake brownies with cassava flour.', 'Incorporate cassava into pancakes.', 'Make pizza crust with cassava flour.']","{'task_graph': {'nodes': [{'id': 1, 'label': 'Use cassava flour to make gluten-free cupcakes.'}, {'id': 2, 'label': 'Create tortillas with cassava flour.'}, {'id': 3, 'label': 'Bake brownies with cassava flour.'}, {'id': 4, 'label': 'Incorporate cassava into pancakes.'}, {'id': 5, 'label': 'Make pizza crust with cassava flour.'}], 'edges': []}}"
60,How to Choose a Sonography School,"['Determine which learning environment meets your needs.', 'Assess the location of the sonography school.', ""Evaluate the school's facilities."", 'Consider the tuition and related expenses.']","{'task_graph': {'nodes': [{'id': 1, 'label': 'Determine which learning environment meets your needs.'}, {'id': 2, 'label': 'Assess the location of the sonography school.'}, {'id': 3, 'label': ""Evaluate the school's facilities.""}, {'id': 4, 'label': 'Consider the tuition and related expenses.'}], 'edges': []}}"
61,How to Write in Code,"['Connect each letter to its numerical equivalent.', 'Dictate in Morse Code.', 'Learn hieroglyphics.', 'Invent your own code.']","{'task_graph': {'nodes': [{'id': 1, 'label': 'Connect each letter to its numerical equivalent.'}, {'id': 2, 'label': 'Dictate in Morse Code.'}, {'id': 3, 'label': 'Learn hieroglyphics.'}, {'id': 4, 'label': 'Invent your own code.'}], 'edges': []}}"
62,How to Choose a Healthy Nut Butter,"['Munch on peanut butter to manage your weight and get lots of protein.', 'Snack on walnut butter for your heart health and a dose of omega-3 fatty acids.', 'Consume almond butter for your heart, skin, and hair health.', 'Eat pistachio butter to improve your heart health and manage your blood sugar.', 'Snack on cashew butter to improve your heart health.']","{'task_graph': {'nodes': [{'id': 1, 'label': 'Munch on peanut butter to manage your weight and get lots of protein.'}, {'id': 2, 'label': 'Snack on walnut butter for your heart health and a dose of omega-3 fatty acids.'}, {'id': 3, 'label': 'Consume almond butter for your heart, skin, and hair health.'}, {'id': 4, 'label': 'Eat pistachio butter to improve your heart health and manage your blood sugar.'}, {'id': 5, 'label': 'Snack on cashew butter to improve your heart health.'}], 'edges': []}}"
63,How to Say Greetings and Farewells in Foreign Languages,"['Hello ~ Hola (pronounced: ola)', 'Hi ~ Hola (pronounced: ola)', 'Good day ~ Buenos dias (pronounced: boo-e-nos di-as)', 'Good evening ~ Buenas noches (pronounced: boo-e-nas no-tch-es)', 'Farewell ~ Despedida (pronounced: des-pi-di-dah)', 'Goodbye ~ Adiós (pronounced: a-di-os)']","{'task_graph': {'nodes': [{'id': 1, 'label': 'Hello ~ Hola (pronounced: ola)'}, {'id': 2, 'label': 'Hi ~ Hola (pronounced: ola)'}, {'id': 3, 'label': 'Good day ~ Buenos dias (pronounced: boo-e-nos di-as)'}, {'id': 4, 'label': 'Good evening ~ Buenas noches (pronounced: boo-e-nas no-tch-es)'}, {'id': 5, 'label': 'Farewell ~ Despedida (pronounced: des-pi-di-dah)'}, {'id': 6, 'label': 'Goodbye ~ Adiós (pronounced: a-di-os)'}], 'edges': []}}"
64,How to Tie a Maxi Dress,"['Wrap the straps around your torso for a Grecian-inspired style.', 'Arrange the straps around your neck for an open-back halter style.', 'Create a high-neck, open-back style by twisting the straps together at the back.', 'Crisscross the straps at the front and back for an off-the-shoulder look.', 'Arrange both straps to the side for a 1-shoulder style.']","{'task_graph': {'nodes': [{'id': 1, 'label': 'Wrap the straps around your torso for a Grecian-inspired style.'}, {'id': 2, 'label': 'Arrange the straps around your neck for an open-back halter style.'}, {'id': 3, 'label': 'Create a high-neck, open-back style by twisting the straps together at the back.'}, {'id': 4, 'label': 'Crisscross the straps at the front and back for an off-the-shoulder look.'}, {'id': 5, 'label': 'Arrange both straps to the side for a 1-shoulder style.'}], 'edges': []}}"
65,How to Get Supplies for Your New Dog,"['Purchase baby gates.', 'Find an exercise pen for your new dog.', 'Get cleaning supplies.', 'Get a collar and leash.', 'Buy appropriate grooming supplies.', 'Purchase dog toys.']","{'task_graph': {'nodes': [{'id': 1, 'label': 'Purchase baby gates.'}, {'id': 2, 'label': 'Find an exercise pen for your new dog.'}, {'id': 3, 'label': 'Get cleaning supplies.'}, {'id': 4, 'label': 'Get a collar and leash.'}, {'id': 5, 'label': 'Buy appropriate grooming supplies.'}, {'id': 6, 'label': 'Purchase dog toys.'}], 'edges': []}}"
66,How to Get Paid to Brainstorm,"['Apply for a marketing job.', 'Join a think tank.', 'Work as a consultant.', 'Get into public relations.', 'Perform laboratory research.']","{'task_graph': {'nodes': [{'id': 1, 'label': 'Apply for a marketing job.'}, {'id': 2, 'label': 'Join a think tank.'}, {'id': 3, 'label': 'Work as a consultant.'}, {'id': 4, 'label': 'Get into public relations.'}, {'id': 5, 'label': 'Perform laboratory research.'}], 'edges': []}}"
67,How to Revise Quickly and Effectively,"['Spend 30 percent of your time focusing on your writing piece and taking in as much vocabulary as you can.', 'Spend 30 percent of your time focusing on your oral examination.', 'Spend 20 percent of your time practising your listening skills.', 'Spend the remaining 20 percent of your time practising your reading skills.']","{'task_graph': {'nodes': [{'id': 1, 'label': 'Spend 30 percent of your time focusing on your writing piece and taking in as much vocabulary as you can.'}, {'id': 2, 'label': 'Spend 30 percent of your time focusing on your oral examination.'}, {'id': 3, 'label': 'Spend 20 percent of your time practising your listening skills.'}, {'id': 4, 'label': 'Spend the remaining 20 percent of your time practising your reading skills.'}], 'edges': []}}"
68,How to Eat to Enhance Fertility (for Men),"['Eat tomatoes to boost your lycopene.', 'Amp up your zinc intake.', 'Enjoy antioxidant-rich fruits.', 'Add more folic acid to your diet.', 'Eat meats high in carnitine.', 'Include fish in your diet to get a helpful enzyme.', 'Consume more healthy fats.']","{'task_graph': {'nodes': [{'id': 1, 'label': 'Eat tomatoes to boost your lycopene.'}, {'id': 2, 'label': 'Amp up your zinc intake.'}, {'id': 3, 'label': 'Enjoy antioxidant-rich fruits.'}, {'id': 4, 'label': 'Add more folic acid to your diet.'}, {'id': 5, 'label': 'Eat meats high in carnitine.'}, {'id': 6, 'label': 'Include fish in your diet to get a helpful enzyme.'}, {'id': 7, 'label': 'Consume more healthy fats.'}], 'edges': []}}"
69,How to Do Exercises for Temporomandibular Joint Disorder (TMD) Treatment,"['Practice jaw pulls.', 'Practice resisted mouth opening.', 'Practice resisted mouth closing.', 'Move your jaw side to side.', 'Practice forward jaw movement.']","{'task_graph': {'nodes': [{'id': 1, 'label': 'Practice jaw pulls.'}, {'id': 2, 'label': 'Practice resisted mouth opening.'}, {'id': 3, 'label': 'Practice resisted mouth closing.'}, {'id': 4, 'label': 'Move your jaw side to side.'}, {'id': 5, 'label': 'Practice forward jaw movement.'}], 'edges': []}}"
70,How to Keep Dogs off Your Lawn,"['Spray a commercial dog repellent.', 'Install a motion-activated sprinkler.', 'Put up a fence.', 'Use an ultrasonic repellent.']","{'task_graph': {'nodes': [{'id': 1, 'label': 'Spray a commercial dog repellent.'}, {'id': 2, 'label': 'Install a motion-activated sprinkler.'}, {'id': 3, 'label': 'Put up a fence.'}, {'id': 4, 'label': 'Use an ultrasonic repellent.'}], 'edges': []}}"
71,How to Enter Cheats on Guitar Hero2 With Dual Shock,"['To access hyper speed mode, at the main menu press triangle, square, x, square, triangle, square, x, square until a message appears', 'To unlock everything, (saving is disabled) at the main menu press x, triangle, square, circle, square, triangle, circle, triangle, circle, triangle, circle, triangle, circle, triangle, circle, triangle.', 'To have a flaming head, at the main menu press square, triangle, square, square, triangle, square, triangle, triangle.', 'To access performance mode,at the main menu, go to career and do the combination twice-- triangle, triangle, x, triangle, triangle, square.']","{'task_graph': {'nodes': [{'id': 1, 'label': 'To access hyper speed mode, at the main menu press triangle, square, x, square, triangle, square, x, square until a message appears'}, {'id': 2, 'label': 'To unlock everything, (saving is disabled) at the main menu press x, triangle, square, circle, square, triangle, circle, triangle, circle, triangle, circle, triangle, circle, triangle, circle, triangle.'}, {'id': 3, 'label': 'To have a flaming head, at the main menu press square, triangle, square, square, triangle, square, triangle, triangle.'}, {'id': 4, 'label': 'To access performance mode,at the main menu, go to career and do the combination twice-- triangle, triangle, x, triangle, triangle, square.'}], 'edges': []}}"
72,How to Understand the Meaning of NASCAR Flags,"['Understand the green flag.', 'Understand the yellow flag.', 'Understand the meaning of the red flag.', 'Understand the black flag.', 'Understand the blue flag.', 'Understand the white flag.', 'Understand the meaning of the checkered flag.']","{'task_graph': {'nodes': [{'id': 1, 'label': 'Understand the green flag.'}, {'id': 2, 'label': 'Understand the yellow flag.'}, {'id': 3, 'label': 'Understand the meaning of the red flag.'}, {'id': 4, 'label': 'Understand the black flag.'}, {'id': 5, 'label': 'Understand the blue flag.'}, {'id': 6, 'label': 'Understand the white flag.'}, {'id': 7, 'label': 'Understand the meaning of the checkered flag.'}], 'edges': []}}"
73,How to Tell if Your Vans Shoes Are Fake,"['Check the bottom pattern on the sole.', 'Examine the stitching.', 'Feel for firm laces.', 'Check the rubber collar on the toe.', 'Check for a red piece of cloth on the inside heel.', 'Check the angle of the toes.', 'Check that the toes bend.']","{'task_graph': {'nodes': [{'id': 1, 'label': 'Check the bottom pattern on the sole.'}, {'id': 2, 'label': 'Examine the stitching.'}, {'id': 3, 'label': 'Feel for firm laces.'}, {'id': 4, 'label': 'Check the rubber collar on the toe.'}, {'id': 5, 'label': 'Check for a red piece of cloth on the inside heel.'}, {'id': 6, 'label': 'Check the angle of the toes.'}, {'id': 7, 'label': 'Check that the toes bend.'}], 'edges': []}}"
74,How to Climb a Rope,"['Climb with the gym-class technique.', 'Climb a knotted rope.', 'Climb using the brake and squat method.']","{'task_graph': {'nodes': [{'id': 1, 'label': 'Climb with the gym-class technique.'}, {'id': 2, 'label': 'Climb a knotted rope.'}, {'id': 3, 'label': 'Climb using the brake and squat method.'}], 'edges': []}}"
75,How to Accessorize a Dress,"['Match your accessories to the color of your dress.', 'Match your accessories to a detail in the dress.', 'Wear neutral accessories with a bright dress.', 'Wear subtle or solid-colored accessories with a patterned dress.', 'Wear a boldly–colored accessory with a neutral dress.', 'Match your jewelry to the tone of your dress.']","{'task_graph': {'nodes': [{'id': 1, 'label': 'Match your accessories to the color of your dress.'}, {'id': 2, 'label': 'Match your accessories to a detail in the dress.'}, {'id': 3, 'label': 'Wear neutral accessories with a bright dress.'}, {'id': 4, 'label': 'Wear subtle or solid-colored accessories with a patterned dress.'}, {'id': 5, 'label': 'Wear a boldly–colored accessory with a neutral dress.'}, {'id': 6, 'label': 'Match your jewelry to the tone of your dress.'}], 'edges': []}}"
76,How to Make Flavored Hummus,"['Try roasted red pepper hummus.', 'Make roasted garlic parmesan hummus.', 'Add avocado.', 'Make cilantro jalapeño hummus.', 'Try cumin roasted carrot hummus.', 'Make spinach feta hummus.']","{'task_graph': {'nodes': [{'id': 1, 'label': 'Try roasted red pepper hummus.'}, {'id': 2, 'label': 'Make roasted garlic parmesan hummus.'}, {'id': 3, 'label': 'Add avocado.'}, {'id': 4, 'label': 'Make cilantro jalapeño hummus.'}, {'id': 5, 'label': 'Try cumin roasted carrot hummus.'}, {'id': 6, 'label': 'Make spinach feta hummus.'}], 'edges': []}}"
77,How to Maximise All Skill Bars in GTA Online,"['Run around to increase your Stamina.', 'Practice to increase your Shooting.', 'Increase your Strength by fighting.', 'Increase Stealth through practice.', 'Get a plane to increase Flying.', 'Practice Driving to bump that bar.', 'Go diving to increase your Lung Capacity.']","{'task_graph': {'nodes': [{'id': 1, 'label': 'Run around to increase your Stamina.'}, {'id': 2, 'label': 'Practice to increase your Shooting.'}, {'id': 3, 'label': 'Increase your Strength by fighting.'}, {'id': 4, 'label': 'Increase Stealth through practice.'}, {'id': 5, 'label': 'Get a plane to increase Flying.'}, {'id': 6, 'label': 'Practice Driving to bump that bar.'}, {'id': 7, 'label': 'Go diving to increase your Lung Capacity.'}], 'edges': []}}"
78,How to Eat to Protect Your Heart,"['Protect your heart and your arteries with a low-fat diet.', 'Eat diverse fruits and vegetables.', 'Eat lean, not fatty, meats.', 'Manage your weight with six to eight servings of whole grains per day.', 'Control your fat intake with low-fat dairy products.', 'Reduce your hypertension risk with a low-salt diet.', 'Limit the amount of sweets you eat.']","{'task_graph': {'nodes': [{'id': 1, 'label': 'Protect your heart and your arteries with a low-fat diet.'}, {'id': 2, 'label': 'Eat diverse fruits and vegetables.'}, {'id': 3, 'label': 'Eat lean, not fatty, meats.'}, {'id': 4, 'label': 'Manage your weight with six to eight servings of whole grains per day.'}, {'id': 5, 'label': 'Control your fat intake with low-fat dairy products.'}, {'id': 6, 'label': 'Reduce your hypertension risk with a low-salt diet.'}, {'id': 7, 'label': 'Limit the amount of sweets you eat.'}], 'edges': []}}"
79,How to Teach Children Chess,"['Explain pawn promotion.', 'Explain en passant.', 'Explain what the term ""castling"" means.']","{'task_graph': {'nodes': [{'id': 1, 'label': 'Explain pawn promotion.'}, {'id': 2, 'label': 'Explain en passant.'}, {'id': 3, 'label': 'Explain what the term ""castling"" means.'}], 'edges': []}}"
80,How to Be a Savvy Consumer,"['Read reviews of the vendor online.', 'Ask the vendor for referrals from other customers.', 'Check social media.']","{'task_graph': {'nodes': [{'id': 1, 'label': 'Read reviews of the vendor online.'}, {'id': 2, 'label': 'Ask the vendor for referrals from other customers.'}, {'id': 3, 'label': 'Check social media.'}], 'edges': []}}"
81,How to Say No to Negative Peer Pressure,"['Just say no.', 'Say no and state why.', 'Say no and make a joke.', 'Say no and quickly change the subject.', 'Say no and suggest an alternative idea.']","{'task_graph': {'nodes': [{'id': 1, 'label': 'Just say no.'}, {'id': 2, 'label': 'Say no and state why.'}, {'id': 3, 'label': 'Say no and make a joke.'}, {'id': 4, 'label': 'Say no and quickly change the subject.'}, {'id': 5, 'label': 'Say no and suggest an alternative idea.'}], 'edges': []}}"
82,How to Play a Sorcerer in Elder Scrolls Online,"['Play as a Altmer.', 'Play as a Breton.', 'Play as an Dunmer.']","{'task_graph': {'nodes': [{'id': 1, 'label': 'Play as a Altmer.'}, {'id': 2, 'label': 'Play as a Breton.'}, {'id': 3, 'label': 'Play as an Dunmer.'}], 'edges': []}}"
83,How to Build Muscle Without Fat,"['Lift free weights to build bigger arm muscles.', 'Bulk up the chest with targeted moves one day per week.', 'Strengthen the back muscles once a week.', 'Build thicker legs and glutes with a mix of machine and free weights.', 'Strengthen your abs and core without weights.']","{'task_graph': {'nodes': [{'id': 1, 'label': 'Lift free weights to build bigger arm muscles.'}, {'id': 2, 'label': 'Bulk up the chest with targeted moves one day per week.'}, {'id': 3, 'label': 'Strengthen the back muscles once a week.'}, {'id': 4, 'label': 'Build thicker legs and glutes with a mix of machine and free weights.'}, {'id': 5, 'label': 'Strengthen your abs and core without weights.'}], 'edges': []}}"
84,How to Handle Poking Wires on Braces,"['Try to bend thinner poking wires using the eraser end of a pencil.', 'Use tweezers to fix poking wires in the back of your mouth.', 'Fix broken laces that poke your lips using tweezers and pliers.']","{'task_graph': {'nodes': [{'id': 1, 'label': 'Try to bend thinner poking wires using the eraser end of a pencil.'}, {'id': 2, 'label': 'Use tweezers to fix poking wires in the back of your mouth.'}, {'id': 3, 'label': 'Fix broken laces that poke your lips using tweezers and pliers.'}], 'edges': []}}"
85,How to Dance the Bharanthanatyam,"['Tatta adavu', 'Natta adavu', 'Visharu adavu', 'TattiMetti adavu ” means a heel contact with the floor.', 'Teermanam adavu Dhit Dhit Tai.', 'Tai Ya Tai Hi or Tai Ya Tai Ya Tai Hi Tai Hi.', 'KudittaMetta adavuTai Gha, Tai Ghi.']","{'task_graph': {'nodes': [{'id': 1, 'label': 'Tatta adavu'}, {'id': 2, 'label': 'Natta adavu'}, {'id': 3, 'label': 'Visharu adavu'}, {'id': 4, 'label': 'TattiMetti adavu ” means a heel contact with the floor.'}, {'id': 5, 'label': 'Teermanam adavu Dhit Dhit Tai.'}, {'id': 6, 'label': 'Tai Ya Tai Hi or Tai Ya Tai Ya Tai Hi Tai Hi.'}, {'id': 7, 'label': 'KudittaMetta adavuTai Gha, Tai Ghi.'}], 'edges': []}}"
86,How to Use an Avocado for Beauty Care,"['Mix up a simple mask with avocado and yogurt.', 'Moisturize dry hair with avocado, bananas, and olive oil.', 'Repair brittle, dry hair with avocado, egg yolk, and olive oil.', 'Tame frizzy hair with avocado, olive oil, and honey.', 'Thicken limp, thin hair with avocado, coconut oil, eggs, and rosemary essential oil.']","{'task_graph': {'nodes': [{'id': 1, 'label': 'Mix up a simple mask with avocado and yogurt.'}, {'id': 2, 'label': 'Moisturize dry hair with avocado, bananas, and olive oil.'}, {'id': 3, 'label': 'Repair brittle, dry hair with avocado, egg yolk, and olive oil.'}, {'id': 4, 'label': 'Tame frizzy hair with avocado, olive oil, and honey.'}, {'id': 5, 'label': 'Thicken limp, thin hair with avocado, coconut oil, eggs, and rosemary essential oil.'}], 'edges': []}}"
87,How to Identify Landau Kleffner Syndrome,"['Distinguish LKS from autism.', 'Distinguish LKS from Rett syndrome.', 'Distinguish LKS from deafness.', 'Recognize other conditions that can look similar to LKS.']","{'task_graph': {'nodes': [{'id': 1, 'label': 'Distinguish LKS from autism.'}, {'id': 2, 'label': 'Distinguish LKS from Rett syndrome.'}, {'id': 3, 'label': 'Distinguish LKS from deafness.'}, {'id': 4, 'label': 'Recognize other conditions that can look similar to LKS.'}], 'edges': []}}"
88,How to Be a Clean Person,"['Wash your clothes.', 'Shave.', 'Cut your nails regularly.']","{'task_graph': {'nodes': [{'id': 1, 'label': 'Wash your clothes.'}, {'id': 2, 'label': 'Shave.'}, {'id': 3, 'label': 'Cut your nails regularly.'}], 'edges': []}}"
89,How to Dry Orange Peels,"['Add dried orange peels to tea.', 'Infuse oil with strips of dried orange peel.', 'Flavor salt with ground orange peels and herbs.', 'Use dried orange peels in potpourri.', 'Make an orange peel sugar scrub.']","{'task_graph': {'nodes': [{'id': 1, 'label': 'Add dried orange peels to tea.'}, {'id': 2, 'label': 'Infuse oil with strips of dried orange peel.'}, {'id': 3, 'label': 'Flavor salt with ground orange peels and herbs.'}, {'id': 4, 'label': 'Use dried orange peels in potpourri.'}, {'id': 5, 'label': 'Make an orange peel sugar scrub.'}], 'edges': []}}"
90,How to Clean Old Photos,"['Store your photographs in a dry environment.', 'Remove new stains quickly.', 'Minimize how often you handle old photographs.']","{'task_graph': {'nodes': [{'id': 1, 'label': 'Store your photographs in a dry environment.'}, {'id': 2, 'label': 'Remove new stains quickly.'}, {'id': 3, 'label': 'Minimize how often you handle old photographs.'}], 'edges': []}}"
91,How to Celebrate Diwali,"['Make snacks and appetizers like kebabs and yogurt dip.', 'Go with a masala dish for a simple, savory main course.', 'Make pindi chole for a spicy dish.', 'Serve a creamy paneer makhani to add cheesy flavor.', 'Serve bread like naan on the side.', 'Include plenty of sweets and pastries, like barfi and pudding.']","{'task_graph': {'nodes': [{'id': 1, 'label': 'Make snacks and appetizers like kebabs and yogurt dip.'}, {'id': 2, 'label': 'Go with a masala dish for a simple, savory main course.'}, {'id': 3, 'label': 'Make pindi chole for a spicy dish.'}, {'id': 4, 'label': 'Serve a creamy paneer makhani to add cheesy flavor.'}, {'id': 5, 'label': 'Serve bread like naan on the side.'}, {'id': 6, 'label': 'Include plenty of sweets and pastries, like barfi and pudding.'}], 'edges': []}}"
92,How to Eat Plums,"['Bake a plum pie.', 'Make a delicious crisp.', 'Bake a plum cake.', 'Create an old-fashioned plum pudding.']","{'task_graph': {'nodes': [{'id': 1, 'label': 'Bake a plum pie.'}, {'id': 2, 'label': 'Make a delicious crisp.'}, {'id': 3, 'label': 'Bake a plum cake.'}, {'id': 4, 'label': 'Create an old-fashioned plum pudding.'}], 'edges': []}}"
93,How to Control Cortisol,"['Practice deep breathing.', 'Relax for twelve minutes in the morning.', 'Perform mindful mediation.', 'Take a yoga class.', 'Walk through the woods.', 'Listen to music.', 'Grow a green thumb.']","{'task_graph': {'nodes': [{'id': 1, 'label': 'Practice deep breathing.'}, {'id': 2, 'label': 'Relax for twelve minutes in the morning.'}, {'id': 3, 'label': 'Perform mindful mediation.'}, {'id': 4, 'label': 'Take a yoga class.'}, {'id': 5, 'label': 'Walk through the woods.'}, {'id': 6, 'label': 'Listen to music.'}, {'id': 7, 'label': 'Grow a green thumb.'}], 'edges': []}}"
94,How to Use Rose Water for Beautiful Skin,"['Use a rose water and sandalwood face pack.', 'Use lemon juice and rose water.', 'Try a cucumber juice, honey, and rose water pack.']","{'task_graph': {'nodes': [{'id': 1, 'label': 'Use a rose water and sandalwood face pack.'}, {'id': 2, 'label': 'Use lemon juice and rose water.'}, {'id': 3, 'label': 'Try a cucumber juice, honey, and rose water pack.'}], 'edges': []}}"
95,How to Apply Orajel,"['Treat minor pain on your skin or around your nails.', 'Relieve pain from bee or wasp stings.', 'Apply it inside your mouth for nerve pain, cold sores, or throat irritation.', 'Use Orajel on your vagina to relieve irritation.', 'Put the cream on your anal area for hemorrhoids and other irritation.']","{'task_graph': {'nodes': [{'id': 1, 'label': 'Treat minor pain on your skin or around your nails.'}, {'id': 2, 'label': 'Relieve pain from bee or wasp stings.'}, {'id': 3, 'label': 'Apply it inside your mouth for nerve pain, cold sores, or throat irritation.'}, {'id': 4, 'label': 'Use Orajel on your vagina to relieve irritation.'}, {'id': 5, 'label': 'Put the cream on your anal area for hemorrhoids and other irritation.'}], 'edges': []}}"
96,How to Punctuate Titles,"['Use quotation marks for the title of a poem, short story, or essay.', 'Apply quotation marks to the title of a book chapter or an article.', 'Use quotation marks to title of a song, a television episode, or a commercial.', 'Add quotation marks to the title of a blog entry and any unpublished works.', 'Apply quotations to in-text titles for APA style.']","{'task_graph': {'nodes': [{'id': 1, 'label': 'Use quotation marks for the title of a poem, short story, or essay.'}, {'id': 2, 'label': 'Apply quotation marks to the title of a book chapter or an article.'}, {'id': 3, 'label': 'Use quotation marks to title of a song, a television episode, or a commercial.'}, {'id': 4, 'label': 'Add quotation marks to the title of a blog entry and any unpublished works.'}, {'id': 5, 'label': 'Apply quotations to in-text titles for APA style.'}], 'edges': []}}"
97,How to Choose Low‐Maintenance Houseplants,"['Enjoy a spider plant.', 'Plant peppermint in your kitchen.', 'Grow sage.', 'Enjoy dracaena marginata.', 'Pick the Chinese evergreen.', 'Choose air plants.', 'Find a monster deliciosa.']","{'task_graph': {'nodes': [{'id': 1, 'label': 'Enjoy a spider plant.'}, {'id': 2, 'label': 'Plant peppermint in your kitchen.'}, {'id': 3, 'label': 'Grow sage.'}, {'id': 4, 'label': 'Enjoy dracaena marginata.'}, {'id': 5, 'label': 'Pick the Chinese evergreen.'}, {'id': 6, 'label': 'Choose air plants.'}, {'id': 7, 'label': 'Find a monster deliciosa.'}], 'edges': []}}"
98,How to Identify a Metal,"['Note the deep gray color of iron.', 'Look for the characteristic silver shine of stainless steel.', 'Pay attention to a reddish tint that might suggest copper.', 'Check for a yellow hue to differentiate brass and bronze from copper.', 'Single out lead by its deep gray color, weight, and softness.', 'Learn to recognize aluminum by its pale color and light weight.', 'Identify titanium by comparing it to other gray-colored metals.']","{'task_graph': {'nodes': [{'id': 1, 'label': 'Note the deep gray color of iron.'}, {'id': 2, 'label': 'Look for the characteristic silver shine of stainless steel.'}, {'id': 3, 'label': 'Pay attention to a reddish tint that might suggest copper.'}, {'id': 4, 'label': 'Check for a yellow hue to differentiate brass and bronze from copper.'}, {'id': 5, 'label': 'Single out lead by its deep gray color, weight, and softness.'}, {'id': 6, 'label': 'Learn to recognize aluminum by its pale color and light weight.'}, {'id': 7, 'label': 'Identify titanium by comparing it to other gray-colored metals.'}], 'edges': []}}"
99,How to Say Greetings and Farewells in Foreign Languages,"['Hello ~Halo (pronounced: hal-lo)', 'Hi ~ Halo (pronounced: hal-lo)', 'Good day ~ Selamat Siang (pronounced: se(ə)-la-mat (mət) see-yang (äng like Angara River)', 'Good evening ~ Selamat Sore (pronounced: se(ə)-la-mat (mət) so-re (re in : do, re, mi, etc)', ""Farewell ~ Sampai berjumpa lagi (pronounced: säm-pai (pie) bər-joom-pä lä-gi ('g' in game))"", 'Goodbye ~ Selamat Tinggal (pronounced: se(ə)-la-mat (mət) teeng-gäl)', 'Thank You ~ Terima Kasih (pronounced: Tə-ree-mä kä-seeh)']","{'task_graph': {'nodes': [{'id': 1, 'label': 'Hello ~Halo (pronounced: hal-lo)'}, {'id': 2, 'label': 'Hi ~ Halo (pronounced: hal-lo)'}, {'id': 3, 'label': 'Good day ~ Selamat Siang (pronounced: se(ə)-la-mat (mət) see-yang (äng like Angara River)'}, {'id': 4, 'label': 'Good evening ~ Selamat Sore (pronounced: se(ə)-la-mat (mət) so-re (re in : do, re, mi, etc)'}, {'id': 5, 'label': ""Farewell ~ Sampai berjumpa lagi (pronounced: säm-pai (pie) bər-joom-pä lä-gi ('g' in game))""}, {'id': 6, 'label': 'Goodbye ~ Selamat Tinggal (pronounced: se(ə)-la-mat (mət) teeng-gäl)'}, {'id': 7, 'label': 'Thank You ~ Terima Kasih (pronounced: Tə-ree-mä kä-seeh)'}], 'edges': []}}"
